[
  {
    "city": "Abbasanta",
    "province": "OR",
    "slug": "abbasanta"
  },
  {
    "city": "Assemini",
    "province": "CA",
    "slug": "assemini"
  },
  {
    "city": "San Salvo",
    "province": "CH",
    "slug": "san-salvo"
  },
  {
    "city": "San Sperate",
    "province": "CA",
    "slug": "san-sperate"
  },
  {
    "city": "Selargius",
    "province": "CA",
    "slug": "selargius"
  },
  {
    "city": "Sestu",
    "province": "CA",
    "slug": "sestu"
  },
  {
    "city": "Vasto",
    "province": "CH",
    "slug": "vasto"
  },
]
